,log_C_it_lag1,log_P_it,log_Pn_it,log_Y_it
OLS,0.9694942393500715,-0.09015116510405027,0.024034715775728986,-0.030678819466480767
Within,0.8333826590717966,-0.2985979564756994,0.034045353930127496,0.10027929171797906
